<?xml version="1.0" encoding="UTF-8"?>
<root>
  <item name="com.mapbox.mapboxsdk.location.AnimatorListenerHolder AnimatorListenerHolder(int, com.mapbox.mapboxsdk.location.MapboxAnimator.AnimationsValueChangeListener) 0">
    <annotation name="androidx.annotation.IntDef">
      <val name="value" val="{com.mapbox.mapboxsdk.location.MapboxAnimator.ANIMATOR_LAYER_LATLNG, com.mapbox.mapboxsdk.location.MapboxAnimator.ANIMATOR_CAMERA_LATLNG, com.mapbox.mapboxsdk.location.MapboxAnimator.ANIMATOR_LAYER_GPS_BEARING, com.mapbox.mapboxsdk.location.MapboxAnimator.ANIMATOR_LAYER_COMPASS_BEARING, com.mapbox.mapboxsdk.location.MapboxAnimator.ANIMATOR_CAMERA_GPS_BEARING, com.mapbox.mapboxsdk.location.MapboxAnimator.ANIMATOR_CAMERA_COMPASS_BEARING, com.mapbox.mapboxsdk.location.MapboxAnimator.ANIMATOR_LAYER_ACCURACY, com.mapbox.mapboxsdk.location.MapboxAnimator.ANIMATOR_ZOOM, com.mapbox.mapboxsdk.location.MapboxAnimator.ANIMATOR_TILT, com.mapbox.mapboxsdk.location.MapboxAnimator.ANIMATOR_PULSING_CIRCLE, com.mapbox.mapboxsdk.location.MapboxAnimator.ANIMATOR_PADDING}" />
    </annotation>
  </item>
  <item name="com.mapbox.mapboxsdk.location.AnimatorListenerHolder animatorType">
    <annotation name="androidx.annotation.IntDef">
      <val name="value" val="{com.mapbox.mapboxsdk.location.MapboxAnimator.ANIMATOR_LAYER_LATLNG, com.mapbox.mapboxsdk.location.MapboxAnimator.ANIMATOR_CAMERA_LATLNG, com.mapbox.mapboxsdk.location.MapboxAnimator.ANIMATOR_LAYER_GPS_BEARING, com.mapbox.mapboxsdk.location.MapboxAnimator.ANIMATOR_LAYER_COMPASS_BEARING, com.mapbox.mapboxsdk.location.MapboxAnimator.ANIMATOR_CAMERA_GPS_BEARING, com.mapbox.mapboxsdk.location.MapboxAnimator.ANIMATOR_CAMERA_COMPASS_BEARING, com.mapbox.mapboxsdk.location.MapboxAnimator.ANIMATOR_LAYER_ACCURACY, com.mapbox.mapboxsdk.location.MapboxAnimator.ANIMATOR_ZOOM, com.mapbox.mapboxsdk.location.MapboxAnimator.ANIMATOR_TILT, com.mapbox.mapboxsdk.location.MapboxAnimator.ANIMATOR_PULSING_CIRCLE, com.mapbox.mapboxsdk.location.MapboxAnimator.ANIMATOR_PADDING}" />
    </annotation>
  </item>
  <item name="com.mapbox.mapboxsdk.location.AnimatorListenerHolder int getAnimatorType()">
    <annotation name="androidx.annotation.IntDef">
      <val name="value" val="{com.mapbox.mapboxsdk.location.MapboxAnimator.ANIMATOR_LAYER_LATLNG, com.mapbox.mapboxsdk.location.MapboxAnimator.ANIMATOR_CAMERA_LATLNG, com.mapbox.mapboxsdk.location.MapboxAnimator.ANIMATOR_LAYER_GPS_BEARING, com.mapbox.mapboxsdk.location.MapboxAnimator.ANIMATOR_LAYER_COMPASS_BEARING, com.mapbox.mapboxsdk.location.MapboxAnimator.ANIMATOR_CAMERA_GPS_BEARING, com.mapbox.mapboxsdk.location.MapboxAnimator.ANIMATOR_CAMERA_COMPASS_BEARING, com.mapbox.mapboxsdk.location.MapboxAnimator.ANIMATOR_LAYER_ACCURACY, com.mapbox.mapboxsdk.location.MapboxAnimator.ANIMATOR_ZOOM, com.mapbox.mapboxsdk.location.MapboxAnimator.ANIMATOR_TILT, com.mapbox.mapboxsdk.location.MapboxAnimator.ANIMATOR_PULSING_CIRCLE, com.mapbox.mapboxsdk.location.MapboxAnimator.ANIMATOR_PADDING}" />
    </annotation>
  </item>
  <item name="com.mapbox.mapboxsdk.location.IndicatorLocationLayerRenderer void addBitmaps(int, android.graphics.Bitmap, android.graphics.Bitmap, android.graphics.Bitmap, android.graphics.Bitmap, android.graphics.Bitmap, android.graphics.Bitmap) 0">
    <annotation name="androidx.annotation.IntDef">
      <val name="value" val="{com.mapbox.mapboxsdk.location.modes.RenderMode.COMPASS, com.mapbox.mapboxsdk.location.modes.RenderMode.GPS, com.mapbox.mapboxsdk.location.modes.RenderMode.NORMAL}" />
    </annotation>
  </item>
  <item name="com.mapbox.mapboxsdk.location.IndicatorLocationLayerRenderer void setImages(int, boolean) 0">
    <annotation name="androidx.annotation.IntDef">
      <val name="value" val="{com.mapbox.mapboxsdk.location.modes.RenderMode.COMPASS, com.mapbox.mapboxsdk.location.modes.RenderMode.GPS, com.mapbox.mapboxsdk.location.modes.RenderMode.NORMAL}" />
    </annotation>
  </item>
  <item name="com.mapbox.mapboxsdk.location.IndicatorLocationLayerRenderer void show(int, boolean) 0">
    <annotation name="androidx.annotation.IntDef">
      <val name="value" val="{com.mapbox.mapboxsdk.location.modes.RenderMode.COMPASS, com.mapbox.mapboxsdk.location.modes.RenderMode.GPS, com.mapbox.mapboxsdk.location.modes.RenderMode.NORMAL}" />
    </annotation>
  </item>
  <item name="com.mapbox.mapboxsdk.location.LocationAnimatorCoordinator void cancelAnimator(int) 0">
    <annotation name="androidx.annotation.IntDef">
      <val name="value" val="{com.mapbox.mapboxsdk.location.MapboxAnimator.ANIMATOR_LAYER_LATLNG, com.mapbox.mapboxsdk.location.MapboxAnimator.ANIMATOR_CAMERA_LATLNG, com.mapbox.mapboxsdk.location.MapboxAnimator.ANIMATOR_LAYER_GPS_BEARING, com.mapbox.mapboxsdk.location.MapboxAnimator.ANIMATOR_LAYER_COMPASS_BEARING, com.mapbox.mapboxsdk.location.MapboxAnimator.ANIMATOR_CAMERA_GPS_BEARING, com.mapbox.mapboxsdk.location.MapboxAnimator.ANIMATOR_CAMERA_COMPASS_BEARING, com.mapbox.mapboxsdk.location.MapboxAnimator.ANIMATOR_LAYER_ACCURACY, com.mapbox.mapboxsdk.location.MapboxAnimator.ANIMATOR_ZOOM, com.mapbox.mapboxsdk.location.MapboxAnimator.ANIMATOR_TILT, com.mapbox.mapboxsdk.location.MapboxAnimator.ANIMATOR_PULSING_CIRCLE, com.mapbox.mapboxsdk.location.MapboxAnimator.ANIMATOR_PADDING}" />
    </annotation>
  </item>
  <item name="com.mapbox.mapboxsdk.location.LocationAnimatorCoordinator void createNewCameraAdapterAnimator(int, java.lang.Float[], com.mapbox.mapboxsdk.maps.MapboxMap.CancelableCallback) 0">
    <annotation name="androidx.annotation.IntDef">
      <val name="value" val="{com.mapbox.mapboxsdk.location.MapboxAnimator.ANIMATOR_LAYER_LATLNG, com.mapbox.mapboxsdk.location.MapboxAnimator.ANIMATOR_CAMERA_LATLNG, com.mapbox.mapboxsdk.location.MapboxAnimator.ANIMATOR_LAYER_GPS_BEARING, com.mapbox.mapboxsdk.location.MapboxAnimator.ANIMATOR_LAYER_COMPASS_BEARING, com.mapbox.mapboxsdk.location.MapboxAnimator.ANIMATOR_CAMERA_GPS_BEARING, com.mapbox.mapboxsdk.location.MapboxAnimator.ANIMATOR_CAMERA_COMPASS_BEARING, com.mapbox.mapboxsdk.location.MapboxAnimator.ANIMATOR_LAYER_ACCURACY, com.mapbox.mapboxsdk.location.MapboxAnimator.ANIMATOR_ZOOM, com.mapbox.mapboxsdk.location.MapboxAnimator.ANIMATOR_TILT, com.mapbox.mapboxsdk.location.MapboxAnimator.ANIMATOR_PULSING_CIRCLE, com.mapbox.mapboxsdk.location.MapboxAnimator.ANIMATOR_PADDING}" />
    </annotation>
  </item>
  <item name="com.mapbox.mapboxsdk.location.LocationAnimatorCoordinator void createNewFloatAnimator(int, float, float) 0">
    <annotation name="androidx.annotation.IntDef">
      <val name="value" val="{com.mapbox.mapboxsdk.location.MapboxAnimator.ANIMATOR_LAYER_LATLNG, com.mapbox.mapboxsdk.location.MapboxAnimator.ANIMATOR_CAMERA_LATLNG, com.mapbox.mapboxsdk.location.MapboxAnimator.ANIMATOR_LAYER_GPS_BEARING, com.mapbox.mapboxsdk.location.MapboxAnimator.ANIMATOR_LAYER_COMPASS_BEARING, com.mapbox.mapboxsdk.location.MapboxAnimator.ANIMATOR_CAMERA_GPS_BEARING, com.mapbox.mapboxsdk.location.MapboxAnimator.ANIMATOR_CAMERA_COMPASS_BEARING, com.mapbox.mapboxsdk.location.MapboxAnimator.ANIMATOR_LAYER_ACCURACY, com.mapbox.mapboxsdk.location.MapboxAnimator.ANIMATOR_ZOOM, com.mapbox.mapboxsdk.location.MapboxAnimator.ANIMATOR_TILT, com.mapbox.mapboxsdk.location.MapboxAnimator.ANIMATOR_PULSING_CIRCLE, com.mapbox.mapboxsdk.location.MapboxAnimator.ANIMATOR_PADDING}" />
    </annotation>
  </item>
  <item name="com.mapbox.mapboxsdk.location.LocationAnimatorCoordinator void createNewFloatAnimator(int, java.lang.Float[]) 0">
    <annotation name="androidx.annotation.IntDef">
      <val name="value" val="{com.mapbox.mapboxsdk.location.MapboxAnimator.ANIMATOR_LAYER_LATLNG, com.mapbox.mapboxsdk.location.MapboxAnimator.ANIMATOR_CAMERA_LATLNG, com.mapbox.mapboxsdk.location.MapboxAnimator.ANIMATOR_LAYER_GPS_BEARING, com.mapbox.mapboxsdk.location.MapboxAnimator.ANIMATOR_LAYER_COMPASS_BEARING, com.mapbox.mapboxsdk.location.MapboxAnimator.ANIMATOR_CAMERA_GPS_BEARING, com.mapbox.mapboxsdk.location.MapboxAnimator.ANIMATOR_CAMERA_COMPASS_BEARING, com.mapbox.mapboxsdk.location.MapboxAnimator.ANIMATOR_LAYER_ACCURACY, com.mapbox.mapboxsdk.location.MapboxAnimator.ANIMATOR_ZOOM, com.mapbox.mapboxsdk.location.MapboxAnimator.ANIMATOR_TILT, com.mapbox.mapboxsdk.location.MapboxAnimator.ANIMATOR_PULSING_CIRCLE, com.mapbox.mapboxsdk.location.MapboxAnimator.ANIMATOR_PADDING}" />
    </annotation>
  </item>
  <item name="com.mapbox.mapboxsdk.location.LocationAnimatorCoordinator void createNewLatLngAnimator(int, com.mapbox.mapboxsdk.geometry.LatLng, com.mapbox.mapboxsdk.geometry.LatLng) 0">
    <annotation name="androidx.annotation.IntDef">
      <val name="value" val="{com.mapbox.mapboxsdk.location.MapboxAnimator.ANIMATOR_LAYER_LATLNG, com.mapbox.mapboxsdk.location.MapboxAnimator.ANIMATOR_CAMERA_LATLNG, com.mapbox.mapboxsdk.location.MapboxAnimator.ANIMATOR_LAYER_GPS_BEARING, com.mapbox.mapboxsdk.location.MapboxAnimator.ANIMATOR_LAYER_COMPASS_BEARING, com.mapbox.mapboxsdk.location.MapboxAnimator.ANIMATOR_CAMERA_GPS_BEARING, com.mapbox.mapboxsdk.location.MapboxAnimator.ANIMATOR_CAMERA_COMPASS_BEARING, com.mapbox.mapboxsdk.location.MapboxAnimator.ANIMATOR_LAYER_ACCURACY, com.mapbox.mapboxsdk.location.MapboxAnimator.ANIMATOR_ZOOM, com.mapbox.mapboxsdk.location.MapboxAnimator.ANIMATOR_TILT, com.mapbox.mapboxsdk.location.MapboxAnimator.ANIMATOR_PULSING_CIRCLE, com.mapbox.mapboxsdk.location.MapboxAnimator.ANIMATOR_PADDING}" />
    </annotation>
  </item>
  <item name="com.mapbox.mapboxsdk.location.LocationAnimatorCoordinator void createNewLatLngAnimator(int, com.mapbox.mapboxsdk.geometry.LatLng[]) 0">
    <annotation name="androidx.annotation.IntDef">
      <val name="value" val="{com.mapbox.mapboxsdk.location.MapboxAnimator.ANIMATOR_LAYER_LATLNG, com.mapbox.mapboxsdk.location.MapboxAnimator.ANIMATOR_CAMERA_LATLNG, com.mapbox.mapboxsdk.location.MapboxAnimator.ANIMATOR_LAYER_GPS_BEARING, com.mapbox.mapboxsdk.location.MapboxAnimator.ANIMATOR_LAYER_COMPASS_BEARING, com.mapbox.mapboxsdk.location.MapboxAnimator.ANIMATOR_CAMERA_GPS_BEARING, com.mapbox.mapboxsdk.location.MapboxAnimator.ANIMATOR_CAMERA_COMPASS_BEARING, com.mapbox.mapboxsdk.location.MapboxAnimator.ANIMATOR_LAYER_ACCURACY, com.mapbox.mapboxsdk.location.MapboxAnimator.ANIMATOR_ZOOM, com.mapbox.mapboxsdk.location.MapboxAnimator.ANIMATOR_TILT, com.mapbox.mapboxsdk.location.MapboxAnimator.ANIMATOR_PULSING_CIRCLE, com.mapbox.mapboxsdk.location.MapboxAnimator.ANIMATOR_PADDING}" />
    </annotation>
  </item>
  <item name="com.mapbox.mapboxsdk.location.LocationAnimatorCoordinator void createNewPaddingAnimator(int, double[][], com.mapbox.mapboxsdk.maps.MapboxMap.CancelableCallback) 0">
    <annotation name="androidx.annotation.IntDef">
      <val name="value" val="{com.mapbox.mapboxsdk.location.MapboxAnimator.ANIMATOR_LAYER_LATLNG, com.mapbox.mapboxsdk.location.MapboxAnimator.ANIMATOR_CAMERA_LATLNG, com.mapbox.mapboxsdk.location.MapboxAnimator.ANIMATOR_LAYER_GPS_BEARING, com.mapbox.mapboxsdk.location.MapboxAnimator.ANIMATOR_LAYER_COMPASS_BEARING, com.mapbox.mapboxsdk.location.MapboxAnimator.ANIMATOR_CAMERA_GPS_BEARING, com.mapbox.mapboxsdk.location.MapboxAnimator.ANIMATOR_CAMERA_COMPASS_BEARING, com.mapbox.mapboxsdk.location.MapboxAnimator.ANIMATOR_LAYER_ACCURACY, com.mapbox.mapboxsdk.location.MapboxAnimator.ANIMATOR_ZOOM, com.mapbox.mapboxsdk.location.MapboxAnimator.ANIMATOR_TILT, com.mapbox.mapboxsdk.location.MapboxAnimator.ANIMATOR_PULSING_CIRCLE, com.mapbox.mapboxsdk.location.MapboxAnimator.ANIMATOR_PADDING}" />
    </annotation>
  </item>
  <item name="com.mapbox.mapboxsdk.location.LocationAnimatorCoordinator void playAnimators(long, int...) 1">
    <annotation name="androidx.annotation.IntDef">
      <val name="value" val="{com.mapbox.mapboxsdk.location.MapboxAnimator.ANIMATOR_LAYER_LATLNG, com.mapbox.mapboxsdk.location.MapboxAnimator.ANIMATOR_CAMERA_LATLNG, com.mapbox.mapboxsdk.location.MapboxAnimator.ANIMATOR_LAYER_GPS_BEARING, com.mapbox.mapboxsdk.location.MapboxAnimator.ANIMATOR_LAYER_COMPASS_BEARING, com.mapbox.mapboxsdk.location.MapboxAnimator.ANIMATOR_CAMERA_GPS_BEARING, com.mapbox.mapboxsdk.location.MapboxAnimator.ANIMATOR_CAMERA_COMPASS_BEARING, com.mapbox.mapboxsdk.location.MapboxAnimator.ANIMATOR_LAYER_ACCURACY, com.mapbox.mapboxsdk.location.MapboxAnimator.ANIMATOR_ZOOM, com.mapbox.mapboxsdk.location.MapboxAnimator.ANIMATOR_TILT, com.mapbox.mapboxsdk.location.MapboxAnimator.ANIMATOR_PULSING_CIRCLE, com.mapbox.mapboxsdk.location.MapboxAnimator.ANIMATOR_PADDING}" />
    </annotation>
  </item>
  <item name="com.mapbox.mapboxsdk.location.LocationCameraController cameraMode">
    <annotation name="androidx.annotation.IntDef">
      <val name="value" val="{com.mapbox.mapboxsdk.location.modes.CameraMode.NONE, com.mapbox.mapboxsdk.location.modes.CameraMode.NONE_COMPASS, com.mapbox.mapboxsdk.location.modes.CameraMode.NONE_GPS, com.mapbox.mapboxsdk.location.modes.CameraMode.TRACKING, com.mapbox.mapboxsdk.location.modes.CameraMode.TRACKING_COMPASS, com.mapbox.mapboxsdk.location.modes.CameraMode.TRACKING_GPS, com.mapbox.mapboxsdk.location.modes.CameraMode.TRACKING_GPS_NORTH}" />
    </annotation>
  </item>
  <item name="com.mapbox.mapboxsdk.location.LocationCameraController void setCameraMode(int) 0">
    <annotation name="androidx.annotation.IntDef">
      <val name="value" val="{com.mapbox.mapboxsdk.location.modes.CameraMode.NONE, com.mapbox.mapboxsdk.location.modes.CameraMode.NONE_COMPASS, com.mapbox.mapboxsdk.location.modes.CameraMode.NONE_GPS, com.mapbox.mapboxsdk.location.modes.CameraMode.TRACKING, com.mapbox.mapboxsdk.location.modes.CameraMode.TRACKING_COMPASS, com.mapbox.mapboxsdk.location.modes.CameraMode.TRACKING_GPS, com.mapbox.mapboxsdk.location.modes.CameraMode.TRACKING_GPS_NORTH}" />
    </annotation>
  </item>
  <item name="com.mapbox.mapboxsdk.location.LocationCameraController void setCameraMode(int, android.location.Location, long, java.lang.Double, java.lang.Double, java.lang.Double, com.mapbox.mapboxsdk.location.OnLocationCameraTransitionListener) 0">
    <annotation name="androidx.annotation.IntDef">
      <val name="value" val="{com.mapbox.mapboxsdk.location.modes.CameraMode.NONE, com.mapbox.mapboxsdk.location.modes.CameraMode.NONE_COMPASS, com.mapbox.mapboxsdk.location.modes.CameraMode.NONE_GPS, com.mapbox.mapboxsdk.location.modes.CameraMode.TRACKING, com.mapbox.mapboxsdk.location.modes.CameraMode.TRACKING_COMPASS, com.mapbox.mapboxsdk.location.modes.CameraMode.TRACKING_GPS, com.mapbox.mapboxsdk.location.modes.CameraMode.TRACKING_GPS_NORTH}" />
    </annotation>
  </item>
  <item name="com.mapbox.mapboxsdk.location.LocationComponent int getCameraMode()">
    <annotation name="androidx.annotation.IntDef">
      <val name="value" val="{com.mapbox.mapboxsdk.location.modes.CameraMode.NONE, com.mapbox.mapboxsdk.location.modes.CameraMode.NONE_COMPASS, com.mapbox.mapboxsdk.location.modes.CameraMode.NONE_GPS, com.mapbox.mapboxsdk.location.modes.CameraMode.TRACKING, com.mapbox.mapboxsdk.location.modes.CameraMode.TRACKING_COMPASS, com.mapbox.mapboxsdk.location.modes.CameraMode.TRACKING_GPS, com.mapbox.mapboxsdk.location.modes.CameraMode.TRACKING_GPS_NORTH}" />
    </annotation>
  </item>
  <item name="com.mapbox.mapboxsdk.location.LocationComponent int getRenderMode()">
    <annotation name="androidx.annotation.IntDef">
      <val name="value" val="{com.mapbox.mapboxsdk.location.modes.RenderMode.COMPASS, com.mapbox.mapboxsdk.location.modes.RenderMode.GPS, com.mapbox.mapboxsdk.location.modes.RenderMode.NORMAL}" />
    </annotation>
  </item>
  <item name="com.mapbox.mapboxsdk.location.LocationComponent void setCameraMode(int) 0">
    <annotation name="androidx.annotation.IntDef">
      <val name="value" val="{com.mapbox.mapboxsdk.location.modes.CameraMode.NONE, com.mapbox.mapboxsdk.location.modes.CameraMode.NONE_COMPASS, com.mapbox.mapboxsdk.location.modes.CameraMode.NONE_GPS, com.mapbox.mapboxsdk.location.modes.CameraMode.TRACKING, com.mapbox.mapboxsdk.location.modes.CameraMode.TRACKING_COMPASS, com.mapbox.mapboxsdk.location.modes.CameraMode.TRACKING_GPS, com.mapbox.mapboxsdk.location.modes.CameraMode.TRACKING_GPS_NORTH}" />
    </annotation>
  </item>
  <item name="com.mapbox.mapboxsdk.location.LocationComponent void setCameraMode(int, com.mapbox.mapboxsdk.location.OnLocationCameraTransitionListener) 0">
    <annotation name="androidx.annotation.IntDef">
      <val name="value" val="{com.mapbox.mapboxsdk.location.modes.CameraMode.NONE, com.mapbox.mapboxsdk.location.modes.CameraMode.NONE_COMPASS, com.mapbox.mapboxsdk.location.modes.CameraMode.NONE_GPS, com.mapbox.mapboxsdk.location.modes.CameraMode.TRACKING, com.mapbox.mapboxsdk.location.modes.CameraMode.TRACKING_COMPASS, com.mapbox.mapboxsdk.location.modes.CameraMode.TRACKING_GPS, com.mapbox.mapboxsdk.location.modes.CameraMode.TRACKING_GPS_NORTH}" />
    </annotation>
  </item>
  <item name="com.mapbox.mapboxsdk.location.LocationComponent void setCameraMode(int, long, java.lang.Double, java.lang.Double, java.lang.Double, com.mapbox.mapboxsdk.location.OnLocationCameraTransitionListener) 0">
    <annotation name="androidx.annotation.IntDef">
      <val name="value" val="{com.mapbox.mapboxsdk.location.modes.CameraMode.NONE, com.mapbox.mapboxsdk.location.modes.CameraMode.NONE_COMPASS, com.mapbox.mapboxsdk.location.modes.CameraMode.NONE_GPS, com.mapbox.mapboxsdk.location.modes.CameraMode.TRACKING, com.mapbox.mapboxsdk.location.modes.CameraMode.TRACKING_COMPASS, com.mapbox.mapboxsdk.location.modes.CameraMode.TRACKING_GPS, com.mapbox.mapboxsdk.location.modes.CameraMode.TRACKING_GPS_NORTH}" />
    </annotation>
  </item>
  <item name="com.mapbox.mapboxsdk.location.LocationComponent void setRenderMode(int) 0">
    <annotation name="androidx.annotation.IntDef">
      <val name="value" val="{com.mapbox.mapboxsdk.location.modes.RenderMode.COMPASS, com.mapbox.mapboxsdk.location.modes.RenderMode.GPS, com.mapbox.mapboxsdk.location.modes.RenderMode.NORMAL}" />
    </annotation>
  </item>
  <item name="com.mapbox.mapboxsdk.location.LocationComponent.CameraTransitionListener void reset(int) 0">
    <annotation name="androidx.annotation.IntDef">
      <val name="value" val="{com.mapbox.mapboxsdk.location.modes.CameraMode.NONE, com.mapbox.mapboxsdk.location.modes.CameraMode.NONE_COMPASS, com.mapbox.mapboxsdk.location.modes.CameraMode.NONE_GPS, com.mapbox.mapboxsdk.location.modes.CameraMode.TRACKING, com.mapbox.mapboxsdk.location.modes.CameraMode.TRACKING_COMPASS, com.mapbox.mapboxsdk.location.modes.CameraMode.TRACKING_GPS, com.mapbox.mapboxsdk.location.modes.CameraMode.TRACKING_GPS_NORTH}" />
    </annotation>
  </item>
  <item name="com.mapbox.mapboxsdk.location.LocationLayerController renderMode">
    <annotation name="androidx.annotation.IntDef">
      <val name="value" val="{com.mapbox.mapboxsdk.location.modes.RenderMode.COMPASS, com.mapbox.mapboxsdk.location.modes.RenderMode.GPS, com.mapbox.mapboxsdk.location.modes.RenderMode.NORMAL}" />
    </annotation>
  </item>
  <item name="com.mapbox.mapboxsdk.location.LocationLayerController void setRenderMode(int) 0">
    <annotation name="androidx.annotation.IntDef">
      <val name="value" val="{com.mapbox.mapboxsdk.location.modes.RenderMode.COMPASS, com.mapbox.mapboxsdk.location.modes.RenderMode.GPS, com.mapbox.mapboxsdk.location.modes.RenderMode.NORMAL}" />
    </annotation>
  </item>
  <item name="com.mapbox.mapboxsdk.location.LocationLayerRenderer void addBitmaps(int, android.graphics.Bitmap, android.graphics.Bitmap, android.graphics.Bitmap, android.graphics.Bitmap, android.graphics.Bitmap, android.graphics.Bitmap) 0">
    <annotation name="androidx.annotation.IntDef">
      <val name="value" val="{com.mapbox.mapboxsdk.location.modes.RenderMode.COMPASS, com.mapbox.mapboxsdk.location.modes.RenderMode.GPS, com.mapbox.mapboxsdk.location.modes.RenderMode.NORMAL}" />
    </annotation>
  </item>
  <item name="com.mapbox.mapboxsdk.location.LocationLayerRenderer void show(int, boolean) 0">
    <annotation name="androidx.annotation.IntDef">
      <val name="value" val="{com.mapbox.mapboxsdk.location.modes.RenderMode.COMPASS, com.mapbox.mapboxsdk.location.modes.RenderMode.GPS, com.mapbox.mapboxsdk.location.modes.RenderMode.NORMAL}" />
    </annotation>
  </item>
  <item name="com.mapbox.mapboxsdk.location.LocationPropertyFactory com.mapbox.mapboxsdk.style.layers.PropertyValue&lt;java.lang.String&gt; visibility(java.lang.String) 0">
    <annotation name="androidx.annotation.StringDef">
      <val name="value" val="{com.mapbox.mapboxsdk.style.layers.Property.VISIBLE, com.mapbox.mapboxsdk.style.layers.Property.NONE}" />
    </annotation>
  </item>
  <item name="com.mapbox.mapboxsdk.location.OnCameraTrackingChangedListener void onCameraTrackingChanged(int) 0">
    <annotation name="androidx.annotation.IntDef">
      <val name="value" val="{com.mapbox.mapboxsdk.location.modes.CameraMode.NONE, com.mapbox.mapboxsdk.location.modes.CameraMode.NONE_COMPASS, com.mapbox.mapboxsdk.location.modes.CameraMode.NONE_GPS, com.mapbox.mapboxsdk.location.modes.CameraMode.TRACKING, com.mapbox.mapboxsdk.location.modes.CameraMode.TRACKING_COMPASS, com.mapbox.mapboxsdk.location.modes.CameraMode.TRACKING_GPS, com.mapbox.mapboxsdk.location.modes.CameraMode.TRACKING_GPS_NORTH}" />
    </annotation>
  </item>
  <item name="com.mapbox.mapboxsdk.location.OnLocationCameraTransitionListener void onLocationCameraTransitionCanceled(int) 0">
    <annotation name="androidx.annotation.IntDef">
      <val name="value" val="{com.mapbox.mapboxsdk.location.modes.CameraMode.NONE, com.mapbox.mapboxsdk.location.modes.CameraMode.NONE_COMPASS, com.mapbox.mapboxsdk.location.modes.CameraMode.NONE_GPS, com.mapbox.mapboxsdk.location.modes.CameraMode.TRACKING, com.mapbox.mapboxsdk.location.modes.CameraMode.TRACKING_COMPASS, com.mapbox.mapboxsdk.location.modes.CameraMode.TRACKING_GPS, com.mapbox.mapboxsdk.location.modes.CameraMode.TRACKING_GPS_NORTH}" />
    </annotation>
  </item>
  <item name="com.mapbox.mapboxsdk.location.OnLocationCameraTransitionListener void onLocationCameraTransitionFinished(int) 0">
    <annotation name="androidx.annotation.IntDef">
      <val name="value" val="{com.mapbox.mapboxsdk.location.modes.CameraMode.NONE, com.mapbox.mapboxsdk.location.modes.CameraMode.NONE_COMPASS, com.mapbox.mapboxsdk.location.modes.CameraMode.NONE_GPS, com.mapbox.mapboxsdk.location.modes.CameraMode.TRACKING, com.mapbox.mapboxsdk.location.modes.CameraMode.TRACKING_COMPASS, com.mapbox.mapboxsdk.location.modes.CameraMode.TRACKING_GPS, com.mapbox.mapboxsdk.location.modes.CameraMode.TRACKING_GPS_NORTH}" />
    </annotation>
  </item>
  <item name="com.mapbox.mapboxsdk.location.OnRenderModeChangedListener void onRenderModeChanged(int) 0">
    <annotation name="androidx.annotation.IntDef">
      <val name="value" val="{com.mapbox.mapboxsdk.location.modes.RenderMode.COMPASS, com.mapbox.mapboxsdk.location.modes.RenderMode.GPS, com.mapbox.mapboxsdk.location.modes.RenderMode.NORMAL}" />
    </annotation>
  </item>
  <item name="com.mapbox.mapboxsdk.location.SymbolLocationLayerRenderer void addBitmaps(int, android.graphics.Bitmap, android.graphics.Bitmap, android.graphics.Bitmap, android.graphics.Bitmap, android.graphics.Bitmap, android.graphics.Bitmap) 0">
    <annotation name="androidx.annotation.IntDef">
      <val name="value" val="{com.mapbox.mapboxsdk.location.modes.RenderMode.COMPASS, com.mapbox.mapboxsdk.location.modes.RenderMode.GPS, com.mapbox.mapboxsdk.location.modes.RenderMode.NORMAL}" />
    </annotation>
  </item>
  <item name="com.mapbox.mapboxsdk.location.SymbolLocationLayerRenderer void show(int, boolean) 0">
    <annotation name="androidx.annotation.IntDef">
      <val name="value" val="{com.mapbox.mapboxsdk.location.modes.RenderMode.COMPASS, com.mapbox.mapboxsdk.location.modes.RenderMode.GPS, com.mapbox.mapboxsdk.location.modes.RenderMode.NORMAL}" />
    </annotation>
  </item>
</root>

